source_id,filename,title,project_slugs (semicolon separated),consent,manual_tags (semicolon separated),notes
https://tednluwflfhxyucgwigh.supabase.co/storage/v1/object/public/photos/community/03c0e261-4946-43a4-863f-7444ac1374c8.jpeg,001_03c0e261-4946-43a4-863f-7444ac1374c8.jpeg,NAIDOC Week in Mount Isa with BG Fit,bg-fit,internal,compendium-2026;source:webflow-portfolio;consent:internal,
https://tednluwflfhxyucgwigh.supabase.co/storage/v1/object/public/photos/community/063b33ee-7a27-4dff-9411-4da7bb9a33f1.jpeg,002_063b33ee-7a27-4dff-9411-4da7bb9a33f1.jpeg,Invasion Day 2025,custodian-economy,internal,compendium-2026;source:webflow-portfolio;consent:internal,
https://tednluwflfhxyucgwigh.supabase.co/storage/v1/object/public/photos/community/1cb29099-2df6-4089-ace0-3d65ea7c4ada.jpeg,003_1cb29099-2df6-4089-ace0-3d65ea7c4ada.jpeg,Project Love: Fishers Oysters,fishers-oysters,internal,compendium-2026;source:webflow-portfolio;consent:internal,
https://tednluwflfhxyucgwigh.supabase.co/storage/v1/object/public/photos/community/37eb9379-c39d-4eee-b5ad-d279f920c578.jpeg,004_37eb9379-c39d-4eee-b5ad-d279f920c578.jpeg,Sowing Seeds of Change,witta-harvest-hq,internal,compendium-2026;source:webflow-portfolio;consent:internal,
https://tednluwflfhxyucgwigh.supabase.co/storage/v1/object/public/photos/community/3909ee10-4611-4413-bc50-a35378d044c8.jpeg,005_3909ee10-4611-4413-bc50-a35378d044c8.jpeg,Travel Adventure: Spain/England and Diagrama,diagrama,internal,compendium-2026;source:webflow-portfolio;consent:internal,
https://tednluwflfhxyucgwigh.supabase.co/storage/v1/object/public/photos/community/49a62fee-d7a8-4f54-8f41-b89f48e9536b.jpeg,006_49a62fee-d7a8-4f54-8f41-b89f48e9536b.jpeg,Goods. Tennant Creek Trip,goods,internal,compendium-2026;source:webflow-portfolio;consent:internal,
https://tednluwflfhxyucgwigh.supabase.co/storage/v1/object/public/photos/community/4e582567-da9c-47ff-bf19-1b1f280f794c.jpeg,007_4e582567-da9c-47ff-bf19-1b1f280f794c.jpeg,SMART Recovery Farm Visit,smart-connect,internal,compendium-2026;source:webflow-portfolio;consent:internal,
https://tednluwflfhxyucgwigh.supabase.co/storage/v1/object/public/photos/community/9c6a44ab-a19d-4868-8d82-18fa79edab6c.png,008_9c6a44ab-a19d-4868-8d82-18fa79edab6c.png,Gold.Phone Build,gold-phone,internal,compendium-2026;source:webflow-portfolio;consent:internal,
https://tednluwflfhxyucgwigh.supabase.co/storage/v1/object/public/photos/community/bfa89c4a-4441-4a77-ab9e-d0359e8b5cbf.jpeg,009_bfa89c4a-4441-4a77-ab9e-d0359e8b5cbf.jpeg,Project Love: The Washing Machine Project,goods,internal,compendium-2026;source:webflow-portfolio;consent:internal,
https://tednluwflfhxyucgwigh.supabase.co/storage/v1/object/public/photos/community/c202f7b9-23eb-4477-8214-df40108476fa.png,010_c202f7b9-23eb-4477-8214-df40108476fa.png,Project Framing: JusticeHub,justicehub,internal,compendium-2026;source:webflow-portfolio;consent:internal,
https://tednluwflfhxyucgwigh.supabase.co/storage/v1/object/public/photos/community/c6adc97f-cc96-45b0-a37a-ea081213a67e.jpeg,011_c6adc97f-cc96-45b0-a37a-ea081213a67e.jpeg,Project Action: Oonchiumpa,oonchiumpa,internal,compendium-2026;source:webflow-portfolio;consent:internal,
https://tednluwflfhxyucgwigh.supabase.co/storage/v1/object/public/photos/community/ca8c0e5c-1530-45ae-b104-769b82e96f8a.jpg,012_ca8c0e5c-1530-45ae-b104-769b82e96f8a.jpg,Mission Beach Elder's trip Premire,picc-elders-trip,internal,compendium-2026;source:webflow-portfolio;consent:internal,
https://tednluwflfhxyucgwigh.supabase.co/storage/v1/object/public/photos/community/dc210fe8-9f73-44af-b4a3-155889affc81.jpeg,013_dc210fe8-9f73-44af-b4a3-155889affc81.jpeg,"Launching the ""Pakkinjalki kari"" (Washing Machine)",goods,internal,compendium-2026;source:webflow-portfolio;consent:internal,
https://tednluwflfhxyucgwigh.supabase.co/storage/v1/object/public/photos/community/dca16943-3672-4547-8d90-a1547ab4fb21.png,014_dca16943-3672-4547-8d90-a1547ab4fb21.png,GPCE (General Practice Conference & Exhibition) Confernce,smart-hcp-gp-uplift-project,internal,compendium-2026;source:webflow-portfolio;consent:internal,
https://tednluwflfhxyucgwigh.supabase.co/storage/v1/object/public/photos/community/dec9a42b-b954-4c07-8fd9-b95e63f19284.jpeg,015_dec9a42b-b954-4c07-8fd9-b95e63f19284.jpeg,Project Love: Confit Pathways,justicehub,internal,compendium-2026;source:webflow-portfolio;consent:internal,
https://tednluwflfhxyucgwigh.supabase.co/storage/v1/object/public/photos/community/e9f86c0c-abff-4246-9b50-624e362b0347.jpeg,016_e9f86c0c-abff-4246-9b50-624e362b0347.jpeg,Designing the weave bed in Tennant Creek,goods,internal,compendium-2026;source:webflow-portfolio;consent:internal,
https://tednluwflfhxyucgwigh.supabase.co/storage/v1/object/public/photos/community/edf0d290-5cea-43b3-9061-d1f8ee9da7e4.gif,017_edf0d290-5cea-43b3-9061-d1f8ee9da7e4.gif,"Bupa TFN Healthy People, Healthy Planet pitch night for Goods.",goods,internal,compendium-2026;source:webflow-portfolio;consent:internal,
https://tednluwflfhxyucgwigh.supabase.co/storage/v1/object/public/photos/community/f024f288-bf97-4675-a9c8-cdd4aa3e3808.jpeg,018_f024f288-bf97-4675-a9c8-cdd4aa3e3808.jpeg,Project Active: Empathy Ledger,empathy-ledger,internal,compendium-2026;source:webflow-portfolio;consent:internal,
https://tednluwflfhxyucgwigh.supabase.co/storage/v1/object/public/photos/community/f1ae054f-1a2e-42bc-89ea-a3f0a0fb2d02.jpeg,019_f1ae054f-1a2e-42bc-89ea-a3f0a0fb2d02.jpeg,Time in Mount Isa with BG Fit,bg-fit,internal,compendium-2026;source:webflow-portfolio;consent:internal,
https://tednluwflfhxyucgwigh.supabase.co/storage/v1/object/public/photos/community/f598b4ef-ce37-4eb3-9160-d415e743a577.jpeg,020_f598b4ef-ce37-4eb3-9160-d415e743a577.jpeg,Project Activated:  Global Laundry Alliance (GLA),global-laundry-alliance,internal,compendium-2026;source:webflow-portfolio;consent:internal,
